угол;Corner;
угла;corner;
тока;current;
сумма входных;Amount of input;
синус;sinus;
сигналов;signals;
приёмник;Receiver;
пример использования ненаправленных связей для суммирования источников;An example of using undirected links to summarize sources;
положен.;laid down.;
о примере;About the example;
название графика 2;Chart title 2;
название графика 1;Chart title 1;
источник 2;Source 2;
источник 1;Source 1;
инв;INV;
значение y(t);y(t) value;
задание;Exercise;
заголовок графика;Graph title;
график красивый;beautiful graph;
время t, с;Time t, s;
ад;AD;
эффекта насыщения;saturation effect;
эталонная модель;Reference model;
эталонная;Reference;
эталон;Reference;
эрк;ERK;
эллипс;Ellipse;
элемента;element;
эксцесс;Excess;
экстраполяция синуса;Sine extrapolation;
экстраполируемый сигнал;Extrapolated signal;
эксперимент;Experiment;
эвольвента окружности;Involute of a circle;
эвольвента;Involute;
штатный регулятор питания (шрп) бс;Standard power regulator (SRP) BS;
штатного регулятора питания;standard power regulator;
шим, qq(x);SIM, qq(x);
шим (субмодель);SIM (submodel);
шаг, сек;Step, sec;
шаг, с;Step, s;
шаг интегрирования, сек;Integration step, sec;
шаг интегрирования, с;Integration step, s;
шаблон кода;Code template;
число стадий на шаге;Number of stages per step;
число стадий;Number of herds;
число переболевших;Number of recovered patients;
число инфицированных;Number of infected;
число восприимчивых;Number of susceptible;
численное решение;Numerical solution;
четырёхлепестковая роза;Four petal rose;
четырехлепестковая роза;Four petal rose;
частотные;Frequency;
частота среза, рад/сек;Cut frequency, work/sec;
частота среза;Cutoff frequency;
центры кластеров;Cluster centers;
центр масс;Center of mass;
целевая;Target;
ход винта, мм;Screw stroke, mm;
характеристики;characteristics;
х;X;
функция устойчивости;Stability function;
функция общего;general function;
функции устойчивости явных;Explicit stability functions;
функции устойчивости srk;SRK Stability Features;
функции принадлежности abc1;membership functions abc1;
функции принадлежности;membership functions;
функции по;functions by;
фрактал;Fractal;
фп 3;FP 3;
фп 2;FP 2;
фп 1;FP 1;
формула произведения;product formula;
формирование сигнала центра масс;Formation of the center of mass signal;
флаг пересечения;Intersection Flag;
фим;FIM;
фазовый портрет решения;Phase portrait of the solution;
фазовый портрет в плоскости z-y;Phase portrait in the Z-Y plane;
фазовый портрет в плоскости y-z;Phase portrait in the Y-Z plane;
фазовый портрет в плоскости x-z;Phase portrait in the X-Z plane;
фазовый портрет в плоскости x-y;Phase portrait in the X-Y plane;
фазовый портрет в координатах y-z;Phase portrait in Y-Z coordinates;
фазовый портрет в координатах x-z;Phase portrait in X-Z coordinates;
фазовый портрет в координатах x-y;Phase portrait in X-Y coordinates;
фазовый;Phase;
фазовая траектория;Phase trajectory;
фазовая плоскость;Phase plane;
фазовая;Phase;
участок;plot;
утечка;Leakage;
устройство адаптации;Adaptation device;
устройство;Device;
устойчивости;sustainability;
усиления;gain;
уровня;level;
уровней;levels;
уровень сигнала;Signal level;
уровень неподключенных портов;Unconnected port level;
уровень в бс;Level in BS;
уровень h, м;Level h, m;
уровень;Level;
уро;Him;
уравнения;Equations;
уравнений робертсона;Robertson's equations;
управляющее воздействие;Control action;
управляющее;Manager;
управляемый сигнал;Controlled signal;
управляемый;controlled;
управляемы синусоидальный генератор;Controlled sine wave generator;
управления;management;
управление шагом шим симметричный;Step control PWM symmetrical;
управление шагом шим;PWM step control;
упаковка матрицы по строкам;packing a matrix row by row;
упаковка и распаковка матриц;Packing and unpacking matrices;
улитка паскаля;Pascal's snail;
указатели сортировки;Sorting pointers;
угол, рад.;Angle, glad.;
угол поворота вала нагрузки;Load shaft rotation angle;
угол поворота вала двигателя;Motor shaft rotation angle;
угол поворота 1 тела;Angle of rotation of 1 body;
угол повората;rotation angle;
угол между 6 и 7 телами;Angle between 6 and 7 bodies;
угол между 5 и 6 телами;Angle between 5 and 6 bodies;
угол между 4 и 5 телами;Angle between 4 and 5 bodies;
угол между 3 и 4 телами;Angle between 3 and 4 bodies;
угол между 2 и 3 телами;Angle between 2 and 3 bodies;
угол между 1 и 2 телами;Angle between 1 and 2 bodies;
угол;Corner;
углы механизма;Mechanism angles;
угловая скорость редуктора;Gearbox angular speed;
угловая скорость двигателя;Motor angular speed;
увровень сигнала;Signal level;
тут должно быть 0.5 даже при наличии;There should be 0.5 here even if there is;
трудная задача;Tough task;
триггер d;Trigger D;
трехмерный фазовый портрет;3D phase portrait;
трехмерный;three-dimensional;
треугольного сигнала шим надо;triangle PWM signal is needed;
трассы;tracks;
трассе;highway;
траектория;trajectory;
точки;points;
точек;points;
то все неподсоединённые порты будут;then all unconnected ports will be;
типа 2 (нормальные полиномы);type 2 (normal polynomials);
типа 2 (геометрические полиномы);type 2 (geometric polynomials);
типа 1 (нормальные полиномы);type 1 (normal polynomials);
типа 1 (геометрические полиномы);type 1 (geometric polynomials);
тестовое;Test;
тест_скорости_схема;speed test diagram;
тест_скорости_dll;DLL speed test;
тест точности сброса интеграторов в;Integrator reset accuracy test;
тест сгенерированного кода.;test the generated code.;
тест сброса производной-загрузчик;Derivative-bootloader reset test;
тест сброса производной;Derivative reset test;
тест модели шим;Test models ŠIM;
тест кусочно - постоянной функции;Piecewise constant function test;
тест блока уточнения событий для шим.;Test of the event clarification block for PWM.;
тест ассоциирования;Association test;
теоретическое время;Theoretical time;
теоретическая вероятность успеха для 100 узников: ~31.183 %;Theoretical success rate for 100 prisoners: ~31.183%;
т-3;T-3;
схема сигнализации состояния;Status signaling circuit;
схема контроля исправности;Health monitoring circuit;
сумма;Sum;
суз;LONG;
субстанции через;substances through;
субстанции в;substances in;
структурная схема субмодели последовательного и параллельного;Block diagram of the serial and parallel submodel;
структурная схема пи-регулятора;Block diagram of a PI controller;
структурная схема дискретного пид-регулятора;Block diagram of a discrete PID controller;
структурная схема;Block diagram;
странный аттрактор лоренца;Lorentz strange attractor;
статистический анализ странного аттрактора лоренца;Statistical analysis of the Lorentz strange attractor;
стандартные полиномы;Standard polynomials;
стандартные модели тип2;Standard models type2;
стандартные модели тип1;Standard models type1;
стабилизированных методов рунге-кутты;stabilized Runge-Kutta methods;
среднее количество машин на участке трассы;Average number of cars on a section of the highway;
сравнения;comparisons;
сравнение частотных характеристик;Comparison of frequency characteristics;
сравнение типовых регуляторов;Comparison of typical regulators;
сравнение скорости;Speed ​​comparison;
сравнение переходных  процессов для эталонной и самонастраиваемой сар;Comparison of transient processes for reference and self-tuning ACS;
сравнение переходных;Comparison of transitional;
сравнение интерполяций;Comparison of interpolations;
сравнение;Comparison;
способы формирования шим сигнала;Methods for generating a PWM signal;
способ 2;Method 2;
способ 1;Method 1;
сплющиваемость;Flattening;
спираль корню;Cornu spiral;
спираль;Spiral;
спектр;Spectrum;
состояния светофоров;Traffic light states;
состояние насоса;Pump condition;
соединитель;connector;
события;events;
событие сброса;Reset event;
событие насос выкл;Pump off event;
событие насос вкл;Event pump on;
следящий привод с квантованием сигнала ошибки по времени и уровню;Servo drive with error signal quantization by time and level;
следящая система с шим сигнала ошибки - с детекцией + включено уточнение событий для блока дискретной экстраполяции;Tracking system with PWM error signal - with detection + event clarification enabled for the discrete extrapolation block;
следящая система с шим сигнала ошибки - с детекцией;Tracking system with PWM error signal - with detection;
следящая система с шим сигнала ошибки - референс;Servo system with PWM error signal - reference;
следящая система с шим сигнала ошибки - без детекции;Tracking system with PWM error signal - without detection;
следящая система с шим сигнала ошибки;Servo system with PWM error signal;
следящая система с шим - с блоком источника пилообразного сигнаала и уточнением по нему;Tracking system with PWM - with a sawtooth signal source block and clarification based on it;
слау;SLAU;
скорость, рад./с;Speed, rad/s;
скорость потока, м/с;Flow speed, m/s;
скорость потока;flow rate;
скорость вращения выходного вала;Output shaft rotation speed;
скорость вращения;rotation speed;
скорости на;speed at;
системы;systems;
система робертсона;Robertson's system;
система поддержания уровня воды в баке с алгоритмом упраления в dll;System for maintaining the water level in the tank with a control algorithm in dll;
система поддержания уровня воды в баке;System for maintaining the water level in the tank;
синусоиды;Sinusoids;
синусоидальный генератор;Sine wave generator;
синусоидальный;Sinusoidal;
синус с насыщением;Sine with saturation;
синус с;Sine s;
синус;Sinus;
симм.;sim.;
сигналы фим;PIM signals;
сигналы блоков;Block signals;
сигнала;signal;
сигнал шим;PWM signal;
сигнал упреждения события;Event pre-emption signal;
сигнал сброса;Reset signal;
сигнал ошибки, qq(x);Error signal, qq(x);
сигнал ошибки;Error signal;
сигнал;signal;
светофорный;Traffic light;
светофора -;traffic light -;
сброса;reset;
сброс состояния у дискретного интегратора;Resetting the state of a discrete integrator;
саэс-3. штатный регулятор питания бс.;SAES-3. Standard power regulator BS.;
самонастраиваемой сар;self-adjusting ACS;
с уточнением;with clarification;
с условием сброса по фронту при превышении 0;with a reset condition on the edge when exceeding 0;
с теми же именами;with the same names;
с последующим инфицированием (единиц в день на 1 чел);with subsequent infection (units per day per person);
с компенсацией эффекта насыщения;with saturation compensation;
с дпт при независимом возбуждении с корректирующими устройствами;With DPT with independent excitation with corrective devices;
с дпт и редуктором;With DPT and gearbox;
с;with;
рёсслера;Rössler;
ручные ключи, надо нажимать;Manual keys, you have to press;
ручные;Manual;
ручной режим;Manual mode;
рп4-у;RP4-U;
рикитаке;Rikitake;
рзд-12;RZD-12;
решения для;solutions for;
решения;solutions;
решение через функцию встроенного языка программирования;Solution via built-in programming language function;
решение через блоки библиотеки;Solution through library blocks;
решение через блок решение слау (библиотека;Solution through the SLAE solution block (Library;
решение слау типовым блоком;Solution of SLAE using a standard block;
решение слау разными способами;Solving SLAEs in different ways;
решение системы тригонометрических уравнений;Solving a system of trigonometric equations;
решение системы;System solution;
решение на 2-м периоде;Decision in the 2nd period;
решение на 1-м периоде;Decision in the 1st period;
решение линейного алгебраического уравнения;Solving a Linear Algebraic Equation;
решение дифф уравнения неявным методом;Solving the diff equation by the implicit method;
решение 2 и 3-й неизвестной для системы с предыдущего шага;Solving the 2nd and 3rd unknowns for the system from the previous step;
решение 1-й  неизвестной для системы с предыдущего шага;Solving the 1st unknown for the system from the previous step;
решение;Solution;
решатель agresim 2;Решатель Агресим 2;
решатель agresim 1;Solver Agresim 1;
релейных;relay;
релейный регулятор для сар ядерного реактора;Relay regulator for ACS of a nuclear reactor;
релейные блоки с зоной нечувствительности;Relay units with dead zone;
релейное с зоной нечувствительности;Relay with dead zone;
реле 2;Relay 2;
реле 1;Relay 1;
реле;relay;
результаты интерполяции;Interpolation results;
результаты;Results;
результат - первая или вторая или третья синусоида;The result is the first or second or third sinusoid;
результат - первая;Result - first;
рез;Res;
регулятора;regulator;
регулятор со скользящим режимом;Sliding mode controller;
регулятор с обратной связью по состоянию;Status feedback controller;
регулятор;regulator;
регулирования;regulation;
реакция жаботинского;Jabotinsky reaction;
реактивность общая;General reactivity;
реактивность вносимая;Reactivity introduced;
реактивности в долях β_эфф и относительные отклонения нейтронной мощности;Reactivities in fractions of β_eff and relative deviations of neutron power;
рвмнк;RVMNK;
расчёт;Calculation;
расчетный шаг;Calculation step;
расчет мер жесткости, колебательности;Calculation of measures of rigidity, oscillation;
расчет kp,ki;Calculation of Kp,Ki;
расчет;Calculation;
расхода;consumption;
расход через нижнюю трубу (уровень врезки = 0);Flow through the down pipe (tapping level = 0);
расход через верхнюю трубу (уровень врезки = 0.5);Flow through the top pipe (tapping level = 0.5);
расход пв в бс;PV consumption in BS;
расход пара из бс;Steam consumption from BS;
расход насоса;Pump flow;
расход outrate, м^3;Flow outrate, m^3;
рассогласование;Mismatch;
разница;Difference;
размерность задачи n;Problem dimension N;
работа;Work;
прыгающий мячик с очень мелким минимальным шагом;A bouncing ball with a very small minimum step;
прыгающий мячик с ограничением по скорости;Bouncing ball with speed limit;
прыгающий мячик с ещё одним способом стабилизации;Bouncing ball with another way of stabilization;
прыгающий мячик на интеграторах со сбросом с ограничением выхода интегратора на хорошем шаге;Bouncing ball on reset integrators with limited integrator output at good pitch;
прыгающий мячик на интеграторах со сбросом;Bouncing ball on integrators with reset;
прыгающий мячик на интеграторах без уточнения;Bouncing ball on integrators without specification;
прр аз;PRR AZ;
процессы;processes;
процессов для эталонной и;processes for reference and;
процесса;process;
противо-эдс;back-EMF;
пропорциональная составляющяя регулятора;Proportional component of the regulator;
пролонгированием;prolongation;
принадлежности;accessories;
пример6;Example6;
пример5;Example 5;
пример4;Example4;
пример3;Example 3;
пример2;Example2;
пример1;Example 1;
пример решения жёсткой системы;Example of a rigid system solution;
пример ненаправленных соединителей;Example of non-directional connectors;
пример модели со сбросом на непрерывных интеграторах;Example model with reset on continuous integrators;
пример модели со сбросом;Example model with reset;
пример множественного объединения портов 3;Multiple port trunking example 3;
пример множественного объединения портов 2;Multiple port trunking example 2;
пример множественного объединения портов 1;Multiple port trunking example 1;
пример дискретной модели со сбросом-загрузчик;Example of a discrete model with reset-bootloader;
пример дискретной модели со сбросом;Example of a discrete model with reset;
пример детекции событий;Event detection example;
пример двунаправленной топологии;Example of a bidirectional topology;
пример выборки нескольких элементов по номеру;Example of selecting several elements by number;
признак снижения ниже минимума;Sign of decline below minimum;
признак превышения максимума;Sign of exceeding the maximum;
привод;Drive;
при определении динамических характеристик оборудования).;when determining the dynamic characteristics of equipment).;
предиктор смита;Smith predictor;
пределах участка;within the site;
поток;stream;
построение частотных характеристик;Construction of frequency characteristics;
построение поверхности характеристик регулятора;Construction of the controller characteristics surface;
порты (input);Ports (input);
портрет;portrait;
полюсы замкнутой сау;Poles of a closed ACS;
полюсы;Poles;
положение;situation;
полиномом лагранжа;Lagrange polynomial;
позволяет осуществлять;allows for;
поверхность;Surface;
по фронту при превышении 0;along the front when exceeding 0;
по осям;along the axes;
по ограничениям массы на мосту и острове и;on weight restrictions on the bridge and island and;
по координате;by coordinates;
плотность потока, маш/с;Flow density, mash/s;
плотность потока, маш/м;Flow density, mash/m;
плоскость;plane;
пила, t0;Saw, T0;
пид-;PID-;
пид с изменяемыми параметрами;Variable PID;
пид регулятор;PID controller;
пид обычный;PID normal;
пид;PID;
пи-регулятор с;PI controller with;
пи;PI;
персчет оборотов;Recalculation of revolutions;
переходные характеристики стандартных моделей;Transient characteristics of standard models;
переходные процессы;Transients;
переходные;Transitional;
переходной процесс;Transition process;
переходного;transitional;
переходная характеристика;Step response;
пересечений;intersections;
переменных;variables;
переключатель;switch;
перекидной;reversible;
передаточная;Transmission;
передаточна функция;transfer function;
переболевших;recovered;
пд;PD;
параметры системы;System parameters;
параметры проекта;Project Options;
параметров звена;link parameters;
параметров;parameters;
параметр 3;Parameter 3;
параметр 2;Parameter 2;
параметр 1;Parameter 1;
параболы нейля;Neill's parabolas;
память;Memory;
ошибка;Error;
очередь;Queue;
относительное отклонение нейтронной мощности;Relative deviation of neutron power;
отк;Rev;
от 0 до 4000;from 0 to 4000;
от 0 до 300;from 0 to 300;
остров;An island;
основной метод;Basic method;
осн;Basic;
оптимизиационная модель для подбора коэффициентов распространения;Optimization model for selecting propagation coefficients;
опиание параметров шим;Description of PWM parameters;
оператор;Operator;
односторонним движением по мосту;one way traffic on the bridge;
одномерная интерполяция;One-dimensional interpolation;
одновибратора;monostable;
ограничением;limitation;
ограничение;Limitation;
объем бака;tank volume;
объекта;object;
объект управления;Control object;
объект с астатизмом 1-го порядка;Object with 1st order astatism;
объект с астатизмом 0-го порядка;Object with 0th order astatism;
объект;Object;
общий массив;general array;
обратного тока;reverse current;
обратная;Reverse;
обр.модель;Model;
о примере;About the example;
о количестве кластеров;about the number of clusters;
о задаче;About the task;
номера столбцов задаваемых коэффициентов;Column numbers of specified coefficients;
номер итерации;Iteration number;
номер;number;
нозе-гувера;Hoover's legs;
новое состояние;New condition;
нижняя парабола;Lower parabola;
нижняя граница зоны возврата;Lower limit of the return zone;
нижняя граница;Lower limit;
нечёткая кластеризация;Fuzzy clustering;
нечеткий;Fuzzy;
нефроида;Nephroid;
несколько ключей;Multiple keys;
несимм.;I don't have it.;
неравномерности;unevenness;
непрерывный следящий привод с дпт;Continuous servo drive with DPT;
ненаправленное;Non-directional;
нейтронов;neutrons;
невязка решения;Solution residual;
начало в м2;Start in M2;
начало в м1;Start at M1;
натуральный;Natural;
насыщением;saturation;
настройку параметров решателя в случае, если в свойстве;setting the solver parameters if in the property;
настройки решателя системы уравнений;System of Equation Solver Settings;
настройка параметров регулятора;Setting up controller parameters;
настройка;Setup;
настраиваемая система;Customizable system;
настраеваемая система;Customizable system;
найквиста;Nyquist;
на период;of period;
на основе переходной функции (может использоваться например;based on the transition function (can be used for example;
на основе нечеткой логики;based on fuzzy logic;
на интервале [0, 4];on intervals [0, 4];
на выезд;On departure;
на въезд;for entry;
на 2-м периоде;at period 2;
на 1-м периоде;at period 1;
мощности;power;
мост;Bridge;
момент нагрузки;load moment;
момент на валу;Shaft moment;
модель с апериодиками с нелинейностями;Model with aperiodics and nonlinearities;
модель решения разреженной слау;Model for solving a sparse SLAE;
модель оу;Op-amp model;
модель кольцевого модулятора в уравнениях;Ring modulator model in Eqs.;
модель интеграторов со сбросом с условием сброса;Model of reset integrators with reset condition;
модель идентификации;Identification model;
модель идентификатора системы;System ID Model;
модель дискретных интеграторов со сбросом;Model of discrete integrators with reset;
модель движения потока машин;Traffic flow model;
модель грузопотока на остров с регулированием;Model of cargo flow to the island with regulation;
модель архитектуры контроллера;Controller architecture model;
моделирование редуктора;Gearbox simulation;
моделирование дпт;DBT modeling;
мну;To me;
множественное соединение для блоков в память и из памяти;Multiple connections for blocks to and from memory;
множественное соединение - с фиксированными именами;Multiple join - with fixed names;
многомерная интерполяция в скрипте;Multidimensional interpolation in a script;
мн;MN;
мк;Mk;
мж, мк, мну;Mf, Mk, Mnu;
мж;Mzh;
механизм эндрюса;Mechanism Andrewsa;
метод гира + итерация бройдена;Gira method + Broyden iteration;
метод гира;The Gira Method;
метод вывода;output method;
меры задачи коши;Measures of the Cauchy problem;
меры жесткости, колебательности, неустойчивости;Measures of rigidity, oscillation, instability;
меандры;Meanders;
мв;MV;
машин/м;cars/m;
матье;Mathieu;
матрица коэффициентов;Coefficient matrix;
масса, т;Weight, t;
масса перед светофором на въезде и выезде;Weight in front of the traffic lights at the entrance and exit;
масса на острове;Mass on the island;
масса на мосту;Mass on the bridge;
масса на выезде;Away mass;
масса на въезде;Entry weight;
масса 2;Mass 2;
масса 1;Mass 1;
м/с;m/s;
люфт и упруг.;backlash and elasticity.;
локально-неустойчивая задача;Locally unstable problem;
локально-неустойчивая;Locally unstable;
логическая коньюнкция;logical conjunction;
логарифмы с защитой 0;Logarithms with protection 0;
логарифмическая спираль;Logarithmic spiral;
линейное уравнение;Linear equation;
линейное звено с переменным ограничением;Linear link with variable limit;
линейновая;Linear;
линейная и сплайновая интерполяция;Linear and spline interpolation;
лачх и фчх;LFC and FFC;
лачх;LACHH;
лагорифмы с защитой от нуля;Zero-protected logarithms;
лагорифмы с;Lagorithms with;
кусочно-постоянная функция;Piecewise constant function;
куб. сплайнами;Cube. splines;
ку=0.00001;Ku=0.00001;
кс=0.05;Ks=0.05;
коэффициентов;coefficients;
коэффициент 2;Factor 2;
коэффициент 1;Factor 1;
коэффициент;coefficient;
кохлеоида;Cochleoid;
коррекция;Correction;
корректирующих устройств;corrective devices;
корни нормальных полиномов;Roots of normal polynomials;
корни геометрических полиномов;Roots of geometric polynomials;
координаты по осям;Axial coordinates;
координаты;Coordinates;
координата, y(t);The coordinate, y(t);
координата;Coordinate;
координат;coordinates;
коньюнкция умножением;Conjunction by multiplication;
коньюнкция минимум;Conjunction minimum;
конец цикла;End of the cycle;
команда сброса;Reset command;
команда;Team;
количество машин, шт;Number of cars, pcs;
количество задаваемых строк (2);Number of specified lines (2);
количество задаваемых строк (1);Number of specified lines (1);
кн;KN;
ключ ручной;Manual key;
клотоида;Clotoid;
кластеризация при отсутствии информации;Clustering in the absence of information;
кластеризация при отсутсвии;Clustering in the absence;
кластеризация при наличии информации;Clustering when information is available;
кластеризация при наличии;Clustering if available;
клапана;valve;
кинетика;Kinetics;
квантования;quantization;
квантование;Quantization;
кв;HF;
кi;Who;
кd;Kd;
к=1/n ред.;k=1/n ed.;
к=1;K=1;
к=;K=;
к-т приведения момента от нагрузки;torque reduction torque from load;
к мотору;k engine;
к;TO;
итерациям;iterations;
итерации;iterations;
испытательный;Test;
использование локальных переносов;Using local transfers;
информации о кличестве кластеров;information about the number of clusters;
инфицированных;infected;
интерполяция куб.сплайнами;Interpolation by cubic splines;
интерполяций;interpolations;
интерполяции;interpolation;
интерполированное значение 2;Interpolated value 2;
интерполированное значение 1;Interpolated value 1;
интерполированное значение;Interpolated value;
интерполированное;Interpolated;
интегрирования;integration;
интеграторы со сбросом и ограничением на неявном методе;Integrators with reset and limitation on an implicit method;
интеграторов в схеме.;integrators in the circuit.;
интегратор с ограничением и сбросом;Integrator with limit and reset;
интегратор с;Integrator with;
интегральная составляющяя регулятора;Integral component of the regulator;
инженер: ходаковский в.в.;Engineer: Khodakovsky V.V.;
импульсов;impulses;
импульсный сигнал ошибки;Pulse error signal;
импульсный;Pulse;
импульс с;Impulse with;
импульс длительности не более заданной;Pulse duration no more than specified;
имитация;Imitation;
или третья;or third;
или вторая;or second;
иизменение коэффициентов усиления;Changing Gains;
измерения;measurements;
изменения;changes;
изменение параметров фазификации в ходе моделирования;Changing phasing parameters during simulation;
изменение параметров;Changing settings;
изменение коэффициентов усиления;Changing Gains;
изменение коэффициентов регулятора;Changing controller coefficients;
изменение;Change;
идентифицируемое;Identifiable;
идеальное запаздывание аппроксимированное рядом паде;Ideal delay approximated by Padé series;
идеальное;perfect;
и сплайновая;and spline;
и сбросом;and reset;
и неустойчивости на примере задачи vdpol;and instability using the example of the VDPOL problem;
и насыщенного входного сигнала;and saturated input signal;
и настройки данного блока не окажут влияния на расчёт.;and the settings of this block will not affect the calculation.;
и её распаковка по строкам;and unpacking it line by line;
значения координат по осям;Axis coordinate values;
значение функции по итерациям;Function value over iterations;
значение текущего времени переноса субстанции через участок;The value of the current time of transfer of the substance through the area;
значение текущего;Current value;
значение сигнала, x1;Signal value, x1;
значение сигнала;Signal value;
значение переходного процесса, y(x);Transient value, y(x);
значение на выходе из участок транспортировки;Value at the exit from the transportation section;
значение на входе в участок транспортировки;Value at the entrance to the transportation section;
значение величины, y(t);Value of quantity, y(t);
значение величины;Value value;
значение велечины;Value value;
значение аргумента;Argument value;
значение y(t);Value y(t);
значение x2(t);x2(t) value;
значение x1(t);x1(t) value;
значение u(t);Meaning u(t);
значение cos(x);cos(x) value;
значаение величины;Value value;
звено;unit;
защитой от нуля;zero protection;
запоминание;Memorization;
заполненный;Filled;
запас по фазе, град.;Record by phase, city.;
запас по фазе;Phase margin;
запаздывание на период квантования;Delay by quantization period;
запаздывание идеальное;Lag is perfect;
запаздывание;Lag;
задержка на период квантования и экстраполятор;Quantization period delay and extrapolator;
задаёт целевую;sets the target;
задаче прыгающего мячика.;bouncing ball problem.;
задаче прыгающего мячика;bouncing ball problem;
задача о 100 узниках и 100 ящиках;Problem of 100 prisoners and 100 boxes;
задача двух осциллирующих масс с;Problem of two oscillating masses with;
задача аренсторфа;Arenstorff problem;
задача vdpol;VDPOL task;
задача simdif;SimDif task;
задача rober;ROBER task;
задача plate;PLATE task;
задача pendulum (маятник);Pendulum problem (pendulum);
задача orego;OREGO task;
задача hires;HIRES task;
задача cusp;CUSP task;
задача burgers;Burgers task;
задача bruss;BRUSS task;
задача beam;BEAM task;
задатчик;Tasker;
заданое значение;Set value;
задано нижнее ограничение 0 по координате;the lower limit is set to 0 along the coordinate;
заданное;given;
задание 2 и 3-й строки системы;Setting the 2nd and 3rd lines of the system;
задание 1-й строки системы;Setting the 1st line of the system;
задание;exercise;
загрузчик dll;DLL Loader;
загрузчик;Loader;
зависимость d1 от k1;Dependence of D1 on k1;
жесткий осциллятор;Hard Oscillator;
жесткая задача, сложная;Tough task, difficult;
если на схеме стоит данный блок,;If this block is on the diagram,;
если на схеме стоит блок;if there is a block on the diagram;
дпт выход 2;DPT Output 2;
дпт выход 1;DPT Output 1;
дпт;DPT;
доступ к 3 битам вектора по 3-битному ключу;Access 3 bits of a vector using a 3-bit key;
дополниительной детекцией пересечений;additional intersection detection;
для решения неявными методами;for solving by implicit methods;
для корректного детектирования;For correct detection;
для блока шим;for the PWM block;
длина l = 1000;Length L = 1000;
диференциальная составляющяя регулятора;Differential component of the regulator;
дискретный сигнал;Discrete signal;
дискретный пид-регулятор с компенсацией эффекта насыщения;Discrete PID controller with saturation compensation;
дискретный пид регулятор;Discrete PID controller;
дискретный;discrete;
дискретная передаточная ф-я;Discrete transmission function;
дискретная передаточна функция;Discrete transfer function;
дискретная задержка и экстраполятор;Discrete delay and extrapolator;
дискретная;Discrete;
дис;DIS;
динамическая выборка подвектора из общего вектора;Dynamic sampling of a subvector from a common vector;
детекция событий при помощи блока;Event detection using a block;
детекция;Detection;
детекции пересечений, без ограничений;intersection detection, no restrictions;
детектировать 2 события:;detect 2 events:;
десятичный;Decimal;
дельтоид;Deltoid;
двумерная линейная интерполяция в скрипте;2D linear interpolation in script;
двумерная линейная интерполяция;2D linear interpolation;
двигатель пт;PT motor;
дб;db;
данный метод решения позволяет задавать коэффициенты системы с разных точек схемы.;This solution method allows you to set system coefficients from different points of the circuit.;
графики уровня воды в баке;Tank water level charts;
графики уровня;Level charts;
графики работы блока;Block operating schedules;
графики работы;Opening hours;
графики плотности потока и скорости на участке трассы;Graphs of flow density and speed along the route section;
графики плотности потока и скорости на светофорном участке;Graphs of flow density and speed at a traffic light section;
графики переходного;Transition charts;
графики переменных;Variable graphs;
графики выходных сигналов;Output graphs;
графики выходного сигнала регулятора;Regulator output signal graphs;
графики выходного сигнала;Output graphs;
графики в.с. регулятора с компенсацией;Graphs V.S. regulator with compensation;
графики в.с. регулятора без компенсации;Graphs V.S. regulator without compensation;
графики x1(t) и x4(t);Graphs x1(t) and x4(t);
графики;Charts;
график целевого уровня воды;Target water level chart;
график фактического уровня воды;Actual water level graph;
график уровня воды в баке;Tank water level chart;
график уровня;Level chart;
график сигналов;Signal chart;
график расхода обратного тока;Reverse current consumption graph;
график расхода;Consumption schedule;
график производной на участке идентификации;Graph of the derivative on the identification section;
график переходного процесса;Transition graph;
график задающего сигнала субмодели;Submodel driving signal graph;
график дельтоида;Deltoid graph;
график выходных значений регуляторов;Graph of regulator output values;
график выходного сигнала;Output graph;
график y(t),g(t);Graph y(t),g(t);
график u(x);graph of u(x);
график q(t), рад.;Graph q(t), rad.;
график q;Graph q;
график g(t), y(t);Graph g(t), y(t);
график eps(t), рад.;Graph eps(t), rad.;
график 99;Schedule 99;
график 98;Schedule 98;
график 97;Schedule 97;
график 96;Schedule 96;
график 95;Schedule 95;
график 94;Schedule 94;
график 93;Schedule 93;
график 92;Schedule 92;
график 91;Schedule 91;
график 90;Schedule 90;
график 9;Schedule 9;
график 89;Schedule 89;
график 88;Schedule 88;
график 87;Schedule 87;
график 86;Schedule 86;
график 85;Schedule 85;
график 84;Schedule 84;
график 83;Schedule 83;
график 82;Schedule 82;
график 81;Schedule 81;
график 80;Schedule 80;
график 8;Schedule 8;
график 79;Schedule 79;
график 78;Schedule 78;
график 77;Schedule 77;
график 76;Schedule 76;
график 75;Schedule 75;
график 74;Schedule 74;
график 73;Schedule 73;
график 72;Schedule 72;
график 71;Schedule 71;
график 70;Schedule 70;
график 7;Schedule 7;
график 69;Schedule 69;
график 68;Schedule 68;
график 67;Schedule 67;
график 66;Schedule 66;
график 65;Schedule 65;
график 64;Schedule 64;
график 63;Schedule 63;
график 62;Schedule 62;
график 61;Schedule 61;
график 60;Schedule 60;
график 6;Schedule 6;
график 59;Schedule 59;
график 58;Schedule 58;
график 57;Schedule 57;
график 56;Schedule 56;
график 55;Schedule 55;
график 54;Schedule 54;
график 53;Schedule 53;
график 52;Schedule 52;
график 51;Schedule 51;
график 50;Schedule 50;
график 5;Schedule 5;
график 49;Schedule 49;
график 48;Schedule 48;
график 47;Schedule 47;
график 46;Schedule 46;
график 45;Schedule 45;
график 44;Schedule 44;
график 43;Schedule 43;
график 42;Schedule 42;
график 41;Schedule 41;
график 40;Schedule 40;
график 4;Schedule 4;
график 39;Schedule 39;
график 38;Schedule 38;
график 37;Schedule 37;
график 36;Schedule 36;
график 35;Schedule 35;
график 34;Schedule 34;
график 33;Schedule 33;
график 32;Schedule 32;
график 31;Schedule 31;
график 30;Schedule 30;
график 3;Schedule 3;
график 29;Schedule 29;
график 28;Schedule 28;
график 27;Schedule 27;
график 26;Schedule 26;
график 25;Schedule 25;
график 24;Schedule 24;
график 23;Schedule 23;
график 22;Schedule 22;
график 21;Schedule 21;
график 20;Schedule 20;
график 2;Schedule 2;
график 19;Schedule 19;
график 18;Schedule 18;
график 17;Schedule 17;
график 16;Schedule 16;
график 15;Schedule 15;
график 14;Schedule 14;
график 13;Schedule 13;
график 12;Schedule 12;
график 11;Schedule 11;
график 103;Chart 103;
график 102;Chart 102;
график 101;Chart 101;
график 100;Chart 100;
график 10;Chart 10;
график 1;Schedule 1;
годограф;Hodograph;
вычисление;Calculation;
выходы релейных блоков;Relay block outputs;
выходы;Exits;
выходных сигналов;output signals;
выходные сигналы;Output signals;
выходной темп с моста;Output tempo from bridge;
выходной сигнал;Output signal;
выходной и входной темп с/на мост;Output and input tempo from/to bridge;
выходной;Day off;
выходное значение, y(x);Output value, y(x);
выходное значение;Output value;
выходного сигнала;output signal;
выходного вала;output shaft;
выходная;day off;
выход экстраполятора;Extrapolator output;
выход циклограммы;Pattern output;
выход системы;System output;
выход интегратора;Integrator output;
выход дискретного запаздывания;Discrete Lag Output;
выход апериодического звена при постоянном воздействии;Output of aperiodic link under constant action;
выход dll;DLL output;
выход 2;Exit 2;
выход 1;Output 1;
выход;Exit;
вых. порт2;exit port2;
вых. порт1;exit port1;
вых. порт;exit port;
выезда - выезд начинается с 31 сек;departure - departure starts at 31 sec;
выезд;Departure;
выбор номера ненулевого элемента и case;Selecting the number of a non-zero element and CASE;
въезд;Entry;
входы оператора сравнения;Comparison operator inputs;
входы блоков можно не соединять,;The block inputs do not need to be connected,;
входы;Inputs;
входные сигналы;Input signals;
входные данные;Input data;
входной темп на мост;Entry temp to bridge;
входной сигнал одновибратора;Single-shot input signal;
входной сигнал;Input signal;
входной и выходной сигналы;Input and output signals;
входной и выходной;Input and output;
входной;Input;
входная;entrance;
вход системы;System input;
вход интегратора;Integrator input;
вход блока;Block input;
вход 3;Entrance 3;
вход 1[0] - вход 2[0];Input 1[0] - Input 2[0];
вх.порт;Input port;
вх. порт, q;input port, q;
вх. порт;input port;
время, сек;Time, sec;
время, с;Time, s;
время, t(сек);Time, t(sec);
время, t( сек);Time, t(sec);
время, t (сек);Time, t (sec);
время, c;Time, s;
время цикла;Cycle time;
время пребывания субстанции в пределах участка транспортировки;The residence time of the substance within the transportation area;
время пребывания;Stay time;
время выполнения, сек;Execution time, sec;
время t, с;Time t, s;
время t, дней;Time t, days;
временной сдвиг, с;time shift, s;
времени переноса;transfer time;
восприимчивых;susceptible;
возмущающий момент;Disturbing moment;
воздейтсвие;impact;
воздействие;impact;
воды в баке;water in the tank;
внутри та же схема;Same layout inside;
вложенный метод;Nested method;
включения;inclusion;
включение vout;Enabling Vout;
вкл;incl;
вида;the species;
взаимной корреляции;cross correlation;
вехняя граница;Upper limit;
ветви;branches;
весовой;Weight;
вес;weight;
верхняя парабола;Upper parabola;
верхняя граница зоны возврата;Upper limit of the return zone;
верхней;top;
вероятности;probabilities;
векторные блоки;Vector blocks;
вектора;vector;
вектор правых частей;Vector of right parts;
ван-дер-поль;Van der Pol;
вала нагрузки;load shaft;
вала двигателя;motor shaft;
в процессе расчета;during the calculation process;
в противном случае решение задаваемой системы будет производиться совместно с общей системой проекта,;Otherwise, the solution to the specified system will be carried out jointly with the general system of the project,;
в приведённом примере первая строка системы задаётся в блоке equkoefs1, а 2 и 3 в блоке equkoefs3.;In the example given, the first line of the system is specified in the equkoefs1 block, and 2 and 3 in the equkoefs3 block.;
в плоскости z-y;in the Z-Y plane;
в плоскости y-z;in the Y-Z plane;
в плоскости x-z;in the X-Z plane;
в плоскости x-y;in the X-Y plane;
в мм винта;in mm screw;
в координатах y-z;in Y-Z coordinates;
в координатах x-z;in X-Z coordinates;
в координатах x-y;in X-Y coordinates;
в данном примере производитсяъ;In this example, we produce;
бсс;FSU;
бсд;BSD;
брюсселятор;Brusselator;
бру-42;BRU-42;
бру-22;BRU-22;
блоков;blocks;
блока, подключенного к его входу.;block connected to its input.;
блока;block;
блок экстраполятор;Extrapolator block;
блок уточнения пересечений - тест элемента шим;Intersection clarification block - PWM element test;
блок уточнения пересечений - тест с квантованием;Intersection refinement block - test with quantization;
блок уточнения пересечений;Intersection refinement block;
блок ключ-4;Block Key-4;
блок ключ-1;Block Key-1;
блок ключ-0;Block Key-0;
блок детекции событий;Event detection block;
блок детекции пересечений;Intersection detection block;
без компенсации эффекта насыщения;without saturation compensation;
без использования блока детекции;without using a detection unit;
аренсторф;Ahrenstorff;
аргумент 2;Argument 2;
аргумент 1;Argument 1;
аналитическое решение;Analytical solution;
аналитическое;Analytical;
алгоритм управления, подготовленный для генерации кода (в dll);Control algorithm prepared for code generation (in DLL);
алгоритм управления светофорами;Traffic light control algorithm;
алгоритм идентифкации апериодического звена 1-го порядка;Algorithm for identifying aperiodic 1st order link;
активного;active;
адаптор;Adapter;
адаптируемая система;Adaptable system;
адаптивный регулятор с эталонной моделью;Adaptive controller with reference model;
адаптивный пи-регулятор (без испытательного сигнала);Adaptive PI controller (without test signal);
адаптивный пи-регулятор;Adaptive PI controller;
адаптивный пи регулятор с пультом 3;Adaptive PI controller with remote control 3;
адаптивный пи регулятор с пультом 2;Adaptive PI controller with remote control 2;
адаптивный пи регулятор с пультом 1;Adaptive PI controller with remote control 1;
адаптивный пи регулятор 3;Adaptive PI controller 3;
адаптивный пи регулятор 2;Adaptive PI controller 2;
адаптивный пи регулятор 1;Adaptive PI controller 1;
адаптивный метод;Adaptive method;
адаптивного пид- регулятора;adaptive PID controller;
адаптивного пи-регулятора и эталона;adaptive PI controller and reference;
адаптации;adaptation;
автоматически соединены с выходом;automatically connected to the output;
авт;AUTO;
ρ_ст/β_эфф,;ρ_st/β_eff,;
ρ_ст, ρ_реак, n_отн;ρ_st, ρ_react, N_rel;
ρ/β_эфф,;ρ/β_eff,;
γ    = 0.1   - коэффициент интенсивности выздоровления (единиц в день на 1 чел).;γ = 0.1 - recovery intensity coefficient (units per day per 1 person).;
β    = 0.001 - коэффициент интенсивности контактов индивидов;β = 0.001 - coefficient of intensity of contacts between individuals;
y7,y8 на интервале [0, 4];y7,y8 to intervals [0, 4];
y1,y2,y4,y5,y6 на интервале [0, 4];y1,y2,y4,y5,y6 on interval [0, 4];
y (пид-регулятор);y (PID controller);
y (пид-регулятор с компенсацией эффекта насыщения);y (PID controller with saturation compensation);
x1(t) и x4(t);x1(t) и x4(t);
wн.ч.(р);Wn.ch.(r);
valve1 : описание;valve1 : Description;
u огр;in ogr;
tи;you;
sir-модель эпидемии - калибровка;sir epidemic model - calibration;
sir-модель эпидемии;SIR epidemic model;
sir - модель эпидемии;SIR - epidemic model;
s(0) = 1000  - начальное число восприимчивых;S(0) = 1000 - initial number of susceptible;
rst-регулятор;RST regulator;
rms-значение;RMS value;
qзад;qzad;
n_норм;N_norm;
k=1/jя;k=1/Jя;
ii комплект шрп;II set of ShRP;
i(0) = 1     - начальное число заболевших;I(0) = 1 - initial number of sick people;
i комплект шрп;And a set of ŠRP;
goto центр;Goto center;
akzo nodel диффузия;Akzo Nodel diffusion;
_эрк_1;_ERK_1;
_рп4-у_1;_RP4-U_1;
_рзд-12_1;_RZD-12_1;
_бсс_1;_BSS_1;
_бсд_2;_BSD_2;
_бсд_1;_BSD_1;
_бру-42-2;_BRU-42-2;
_бру-42-1;_BRU-42-1;
_бру-22-2;_BRU-22-2;
_бру-22-1;_BRU-22-1;
5 - открывать быстро;5 - open quickly;
4 - открывать медленно;4 - open slowly;
3 - растет;3 - growing;
3 - положительная;3 - positive;
3 - не изменять;3 - do not change;
2. при достижении верхей точки;2. when reaching the top point;
2-й элемент вектора - аргумент по строкам;2nd element of vector - argument by rows;
2 сигнал на 2 выходном порте;2 signal on 2 output port;
2 сигнал на 1 выходном порте;2 signals on 1 output port;
2 бака тест с блоком уточнения;2 tank test with clarification unit;
2 бака тест 1;2 grandmothers test 1;
2 бака аналогично исма;2 tanks similar to ISMA;
2 mass с уточнением;2 mass with clarification;
2 mass без уточнения;2 mass unspecified;
2 - пауза;2 - break;
2 - не изменяется;2 - does not change;
2 - закрывать медленно;2 - close slowly;
2 - близкая к нулю;2 - close to zero;
1/β_эфф;1/β_eff;
1/n ред.;1/n ed.;
1/(jнs)=;1/(Jнs)=;
1. при пересечении уставки;1. when crossing the set point;
1-й элемент вектора - аргумент по столбцам;1st element of vector - argument by columns;
1- закрывать быстро;1- close quickly;
1 сигнал на 2  выходном порте;1 signal on 2 output port;
1 сигнал на 1 выходном порте;1 signal on 1 output port;
1 - уменьшается;1 - decreases;
1 - работа;1 - work;
1 - отрицательная;1 - negative;
1 - гармонический сигнал;1 - harmonic signal;
1 - гармонический;1 - harmonic;
0 - сброс;0 - reset;
0 - меандр;0 - meander;
-1/передаточное отношение;-1/gear ratio;
(шим);(SHIM);
(тонкие настройки решения слау) общих настроек проекта выбран;(Fine-tuning the SLAE solution) general project settings selected;
(заданные - красн., свободные - голуб.);(set - red, free - blue);
(t), рад./с;(t), rad/s;
температура газа в полости;Gas temperature in the cavity;
перемещение поршня;Piston movement;
массовый расход газа через дроссель;Mass gas flow through the throttle;
заполнение;filling;
дренаж;drainage;
давление газа в полости;Gas pressure in the cavity;
время t, c;Time t, s;
абсолютное давление, мпа;Absolute pressure, MPa;
абсолютное давление рабочей среды в полости, мпа;Absolute pressure of the working medium in the cavity, MPa;
