Пример_двунаправленной_топологии;Example_bidirectional_topology
Пример двунаправленной топологии;Example of a bidirectional topology
Пример двунаправленной топологии;Example of a bidirectional topology
Пример двунаправленной топологии;Example of a bidirectional topology
Пример двунаправленной топологии;Example of a bidirectional topology
Пример двунаправленной топологии;Example of a bidirectional topology
Пример двунаправленной топологии;Example of a bidirectional topology
Пример двунаправленной топологии;Example of a bidirectional topology
пример двунаправленной топологии;example of bidirectional topology
пример двунаправленной топологии;Example of a bidirectional topology
пример двунаправленной топологии;Example of a bidirectional topology
пример двунаправленной топологии;Example of a bidirectional topology
пример двунаправленной топологии;Example of a bidirectional topology
пример двунаправленной топологии;Example of a bidirectional topology
пример двунаправленной топологии;Example of a bidirectional topology
пример двунаправленной топологии;Example of a bidirectional topology
пример двунаправленной топологии;Example of a bidirectional topology
пример двунаправленной топологии;Example of a bidirectional topology
пример двунаправленной топологии;Example of a bidirectional topology
пример двунаправленной топологии;Example of a bidirectional topology
пример двунаправленной топологии;Example of a bidirectional topology
пример двунаправленной топологии;Example of a bidirectional topology
пример двунаправленной топологии;Example of a bidirectional topology
пример двунаправленной топологии;Example of a bidirectional topology
пример двунаправленной топологии;Example of a bidirectional topology
пример двунаправленной топологии;Example of a bidirectional topology
пример двунаправленной топологии;Example of a bidirectional topology
пример двунаправленной топологии;Example of a bidirectional topology
пример двунаправленной топологии;Example of a bidirectional topology
пример двунаправленной топологии;Example of a bidirectional topology
