Ненаправленный;无方向性
Ненаправленное;无方向性
О примере;关于示例
Пример множественного объединения портов 2;多端口聚合示例2
Ненаправленный;无方向性
Ненаправленное;无方向性
О примере;关于示例
Пример множественного объединения портов 2;多端口聚合示例2
Ненаправленный;无方向性
Ненаправленное;无方向性
О примере;关于示例
Пример множественного объединения портов 2;多端口聚合示例2
соединитель;连接器
соединитель;连接器
соединитель;连接器
ненаправленное;无方向性
о примере;关于示例
пример множественного объединения портов 2;多端口聚合示例2
соединитель;连接器
ненаправленное;无方向性
о примере;关于示例
пример множественного объединения портов 2;多端口聚合示例2
