Приёмник;接收者
Сумма входных;输入量
Источник 1;来源1
Источник 2;来源2
Пример использования ненаправленных связей для суммирования источников;使用无向链接总结来源的示例
Приёмник;接收者
Сумма входных;输入量
Источник 1;来源1
Источник 2;来源2
Пример использования ненаправленных связей для суммирования источников;使用无向链接总结来源的示例
Приёмник;接收者
Сумма входных;输入量
Источник 1;来源1
Источник 2;来源2
Пример использования ненаправленных связей для суммирования источников;使用无向链接总结来源的示例
сигналов;信号
сигналов;信号
приёмник;接收者
сумма входных;输入量
сигналов;信号
источник 1;来源1
источник 2;来源2
пример использования ненаправленных связей для суммирования источников;使用无向链接总结来源的示例
приёмник;接收者
сумма входных;输入量
сигналов;信号
источник 1;来源1
источник 2;来源2
пример использования ненаправленных связей для суммирования источников;使用无向链接总结来源的示例
